order_id,email
2903,baldurboucsein@example.net
2801,sofie98@example.com
2970,violettadavids@example.net
2903,heintzeguelay@example.org
2824,celal95@example.org
2946,jeimer@example.com
2855,birnbaumadeline@example.net
2817,mentzelgunar@example.net
2977,irenabonbach@example.net
2849,casparzeynep@example.com
2942,ismetkraus@example.org
2865,arnoldmies@example.com
2996,gerlindebruder@example.net
2791,stahrguelsen@example.net
2969,elisabeth39@example.com
2834,melaniefliegner@example.net
2885,cstiebitz@example.com
2944,freia76@example.com
2789,joachim77@example.org
2996,erika72@example.net
2778,friedlinde89@example.com
2993,eva-mariekallert@example.com
2956,mareengute@example.com
2844,annita08@example.com
2927,laumann@example.net
2980,eleonorekoester@example.net
2858,bruniholt@example.com
2916,ursula10@example.com
2818,trommlernorman@example.net
2899,haasejuergen@example.net
2789,zbinner@example.org
2925,sebastianfechner@example.net
2894,dietlind61@example.net
2968,cora60@example.org
2982,fedorhiller@example.net
2882,corinne52@example.com
2858,qstadelmann@example.org
2941,wweimer@example.com
2794,caroline77@example.com
2890,cathrin68@example.net
2798,ywilmsen@example.org
2943,ziegertnadja@example.net
2899,iortmann@example.com
2816,marija99@example.net
2956,heigenwillig@example.com
2827,vhecker@example.com
2940,sophia39@example.com
2882,franka70@example.net
2823,leszek90@example.net
2884,heintzetimm@example.net
2905,alanjessel@example.net
2975,ilka54@example.net
2936,jann05@example.org
2829,mlehmann@example.net
2995,lidwina60@example.com
2828,heinfriedrich@example.net
2838,carinakruschwitz@example.com
2923,delia36@example.com
2817,adelheid88@example.org
2926,wolf-dietermosemann@example.net
2998,laurenzrosemann@example.net
2801,ceciliasteinberg@example.org
2851,hesergeraldine@example.net
2783,heinrichhans-guenter@example.net
2992,rberger@example.com
2881,carmeloloos@example.org
2977,kjaehn@example.com
2866,anthonyhecker@example.org
2828,conrad12@example.org
2913,strohdominic@example.com
2985,lschoenland@example.net
2835,auguste37@example.net
2814,henriotto@example.org
2841,britter@example.org
2788,sschmidt@example.org
2880,mike54@example.org
2921,meyermagret@example.com
2924,carl70@example.net
2830,loechelladislaus@example.com
2803,damian90@example.com
2917,weihmanngertraude@example.com
2989,pdietz@example.org
2796,dippelslavica@example.org
2787,gerald99@example.com
2804,mehmet24@example.org
2964,reimerloeffler@example.org
2909,rotraut91@example.org
2779,heiko92@example.org
2990,zimmergilda@example.com
2960,cillyscholz@example.com
2984,giovannaberger@example.com
2790,milena06@example.org
2897,lilianakroker@example.com
2965,wklemt@example.com
2934,rosi62@example.net
2934,monicadrub@example.org
2808,bergersibille@example.com
2849,heuserhans-walter@example.com
2897,alexandros02@example.net
2817,eputz@example.com
